student_email,backup_email
auctor@IntegerurnaVivamus.net,lacus.Cras.interdum@mifelis.ca
consectetuer.adipiscing.elit@necmalesuadaut.c,Quisque.purus@Mauris.com
consectetuer@Sedet.edu,purus@faucibus.co.uk
consequat.nec@Quisque.org,Phasellus.in.felis@Inscelerisque.com
convallis@orciluctuset.net,a@loremsitamet.net
cursus@vitaerisus.com,ultrices@velit.net
dapibus.ligula@porttitor.org,consectetuer@ipsumSuspendissenon.co.uk
dignissim.lacus@anteipsumprimis.edu,dignissim@sitametmetus.org
dolor.dapibus.gravida@convallisincursus.co.uk,erat@necmetus.edu
egestas.Aliquam@Donecfringilla.co.uk,metus@luctusvulputatenisi.org
egestas@nibh.org,nec.imperdiet@luctusvulputate.co.uk
egestas@vel.edu,fringilla.mi@Inornare.co.uk
enim.Mauris.quis@doloregestasrhoncus.net,ipsum.primis.in@vitae.ca
et.arcu@elitNulla.ca,cursus@euturpisNulla.net
eu.turpis@liberolacus.com,Donec.nibh.enim@Sedmalesuada.org
feugiat.nec.diam@purusDuiselementum.com,Pellentesque.habitant@nostraperinceptos.org
Fusce.mi@lacusQuisque.edu,ut.lacus.Nulla@dignissim.net
Fusce@utnisi.com,lacinia.vitae@lectusjusto.co.uk
gravida.molestie.arcu@vestibulum.net,ultrices@Pellentesque.net
iaculis.aliquet.diam@rhoncusNullamvelit.co.uk,nulla@pharetrasedhendrerit.com
id.blandit@velitjusto.com,Ut@Pellentesque.com
Integer.urna.Vivamus@mauriseu.edu,montes.nascetur.ridiculus@placerat.edu
justo.sit@loremutaliquam.net,tellus@sapien.org
Mauris.molestie@egetodio.org,urna.suscipit.nonummy@tristiquepellentesquete
nec.euismod.in@odioAliquamvulputate.edu,libero@eratnequenon.com
neque.Sed.eget@sedconsequatauctor.com,purus.mauris@sed.edu
nisl@iaculisaliquetdiam.net,gravida.Aliquam@etlibero.net
non.lorem.vitae@urna.org,adipiscing.Mauris.molestie@cursusvestibulumMa
nulla.at@nuncidenim.edu,ornare.lectus@et.com
Nullam@CuraeDonectincidunt.edu,ante.Nunc.mauris@Maecenas.net
Nunc.sed.orci@risus.net,metus.eu@sitametluctus.co.uk
orci@nondapibus.net,ac.turpis@magna.org
pede.Praesent@Incondimentum.net,risus.Morbi@Nunclectus.com
pellentesque.massa@consectetuerrhoncusNullam.,Phasellus.dolor.elit@quisdiamluctus.co.uk
placerat.Cras@morbitristiquesenectus.ca,Donec@velmaurisInteger.com
purus@semperduilectus.ca,vel.arcu.Curabitur@turpisNullaaliquet.co.uk
quis.pede.Suspendisse@Etiamvestibulum.com,Morbi.sit.amet@metusAenean.com
sapien.cursus@posuerevulputate.net,eget.varius@duiin.co.uk
scelerisque@lectusa.co.uk,montes.nascetur.ridiculus@magnamalesuada.com
Sed.auctor.odio@ipsumdolor.ca,magna.Suspendisse@famesacturpis.org
semper.Nam.tempor@egetmassaSuspendisse.edu,lectus.convallis.est@feugiatmetussit.edu
semper@tincidunttempusrisus.ca,Donec@blanditenim.edu
tempus.lorem.fringilla@velitPellentesqueultri,consectetuer@ultricies.net
tristique.aliquet@suscipitnonummyFusce.edu,quam@nibhAliquamornare.net
velit@amet.co.uk,at@amet.ca
velit@Integer.org,diam.nunc@erat.org
vestibulum@idliberoDonec.com,est@accumsaninterdum.com
vitae@ametornare.net,magna.Suspendisse@semperNamtempor.com
vitae@odioAliquamvulputate.net,sem.Pellentesque@bibendumullamcorperDuis.edu
vitae@urna.org,dolor@ridiculusmusProin.co.uk
