student_email,cell_phone
auctor@IntegerurnaVivamus.net,1-862-156-5151
consectetuer.adipiscing.elit@necmalesuadaut.c,1-633-709-8615
consectetuer@Sedet.edu,1-428-500-3354
consequat.nec@Quisque.org,1-177-487-4897
convallis@orciluctuset.net,1-318-115-2687
cursus@vitaerisus.com,1-706-166-7181
dapibus.ligula@porttitor.org,1-939-267-1674
dignissim.lacus@anteipsumprimis.edu,1-821-229-8656
dolor.dapibus.gravida@convallisincursus.co.uk,1-990-649-2853
egestas.Aliquam@Donecfringilla.co.uk,1-493-901-2567
egestas@nibh.org,1-197-448-9972
egestas@vel.edu,1-292-468-6166
enim.Mauris.quis@doloregestasrhoncus.net,1-209-381-8720
et.arcu@elitNulla.ca,1-902-717-8612
eu.turpis@liberolacus.com,1-743-540-2982
feugiat.nec.diam@purusDuiselementum.com,1-809-899-6141
Fusce.mi@lacusQuisque.edu,1-827-715-4356
Fusce@utnisi.com,1-634-577-5325
gravida.molestie.arcu@vestibulum.net,1-157-190-4586
iaculis.aliquet.diam@rhoncusNullamvelit.co.uk,1-300-244-3563
id.blandit@velitjusto.com,1-575-385-6655
Integer.urna.Vivamus@mauriseu.edu,1-320-507-4404
justo.sit@loremutaliquam.net,1-564-808-2659
Mauris.molestie@egetodio.org,1-736-313-8127
nec.euismod.in@odioAliquamvulputate.edu,1-759-131-3270
neque.Sed.eget@sedconsequatauctor.com,1-175-107-6288
nisl@iaculisaliquetdiam.net,1-922-534-5249
non.lorem.vitae@urna.org,1-248-862-3882
nulla.at@nuncidenim.edu,1-555-624-0577
Nullam@CuraeDonectincidunt.edu,1-570-194-5462
Nunc.sed.orci@risus.net,1-686-139-0991
orci@nondapibus.net,1-910-177-1623
pede.Praesent@Incondimentum.net,1-642-153-3993
pellentesque.massa@consectetuerrhoncusNullam.,1-950-855-2837
placerat.Cras@morbitristiquesenectus.ca,1-425-530-1094
purus@semperduilectus.ca,1-635-856-8033
quis.pede.Suspendisse@Etiamvestibulum.com,1-346-326-6070
sapien.cursus@posuerevulputate.net,1-355-937-4834
scelerisque@lectusa.co.uk,1-493-896-3733
Sed.auctor.odio@ipsumdolor.ca,1-191-404-2876
semper.Nam.tempor@egetmassaSuspendisse.edu,1-334-401-8079
semper@tincidunttempusrisus.ca,1-337-255-0177
tempus.lorem.fringilla@velitPellentesqueultri,1-335-458-4524
tristique.aliquet@suscipitnonummyFusce.edu,1-842-478-6348
velit@amet.co.uk,1-666-186-0670
velit@Integer.org,1-191-188-7994
vestibulum@idliberoDonec.com,1-288-941-3756
vitae@ametornare.net,1-726-456-8698
vitae@odioAliquamvulputate.net,1-414-793-4308
vitae@urna.org,1-791-778-3844
