student_email,adviser_email
Mauris.molestie@egetodio.org,a@massa.com
vitae@odioAliquamvulputate.net,Aenean.gravida@sitametnulla.com
pede.Praesent@Incondimentum.net,in.felis.Nulla@Seddictum.co.uk
Nunc.sed.orci@risus.net,leo.Morbi.neque@dolor.org
tristique.aliquet@suscipitnonummyFusce.edu,Nunc@vestibulummassa.ca
nulla.at@nuncidenim.edu,placerat.orci@etarcuimperdiet.edu
enim.Mauris.quis@doloregestasrhoncus.net,arcu@arcuetpede.edu
dolor.dapibus.gravida@convallisincursus.co.uk,tellus.eu.augue@maurissapiencursus.org
Sed.auctor.odio@ipsumdolor.ca,tincidunt@tempuseu.ca
eu.turpis@liberolacus.com,in.consequat.enim@luctusCurabitur.org
id.blandit@velitjusto.com,quis@Sednullaante.com
neque.Sed.eget@sedconsequatauctor.com,Cras.vehicula.aliquet@vitaealiquam.com
non.lorem.vitae@urna.org,volutpat.Nulla.dignissim@inceptoshymenaeos.ne
purus@semperduilectus.ca,ullamcorper.eu.euismod@posuere.net
placerat.Cras@morbitristiquesenectus.ca,eu.nibh.vulputate@Phasellusfermentumconvallis
velit@Integer.org,nec.orci.Donec@Nullam.net
quis.pede.Suspendisse@Etiamvestibulum.com,rhoncus@necorci.co.uk
vitae@urna.org,felis@Intinciduntcongue.org
consequat.nec@Quisque.org,id.enim@orci.ca
vestibulum@idliberoDonec.com,Phasellus.elit@nibhAliquamornare.net
Integer.urna.Vivamus@mauriseu.edu,Mauris.nulla@magna.com
justo.sit@loremutaliquam.net,orci.Donec@lorem.edu
et.arcu@elitNulla.ca,placerat@hendreritidante.org
scelerisque@lectusa.co.uk,Quisque.ornare.tortor@egestas.ca
orci@nondapibus.net,volutpat.Nulla.dignissim@inceptoshymenaeos.ne
nisl@iaculisaliquetdiam.net,felis@Intinciduntcongue.org
semper@tincidunttempusrisus.ca,tellus.eu.augue@maurissapiencursus.org
feugiat.nec.diam@purusDuiselementum.com,volutpat.Nulla.dignissim@inceptoshymenaeos.ne
tempus.lorem.fringilla@velitPellentesqueultri,in.felis.Nulla@Seddictum.co.uk
velit@amet.co.uk,augue@orci.ca
semper.Nam.tempor@egetmassaSuspendisse.edu,vitae@odioNam.com
auctor@IntegerurnaVivamus.net,Phasellus@libero.com
Fusce.mi@lacusQuisque.edu,pede.malesuada.vel@mus.co.uk
gravida.molestie.arcu@vestibulum.net,ad@euenimEtiam.net
cursus@vitaerisus.com,ac.mi.eleifend@Nunc.com
convallis@orciluctuset.net,et@ac.net
sapien.cursus@posuerevulputate.net,enim@Curabitur.org
dapibus.ligula@porttitor.org,non.arcu@elementumpurusaccumsan.edu
consectetuer.adipiscing.elit@necmalesuadaut.c,ornare@faucibuslectus.co.uk
dignissim.lacus@anteipsumprimis.edu,turpis@auctorvelit.net
vitae@ametornare.net,turpis@tacitisociosqu.org
nec.euismod.in@odioAliquamvulputate.edu,Integer.aliquam@dolor.com
iaculis.aliquet.diam@rhoncusNullamvelit.co.uk,pellentesque.Sed.dictum@molestietellus.net
egestas.Aliquam@Donecfringilla.co.uk,augue.porttitor.interdum@disparturientmontes.
Nullam@CuraeDonectincidunt.edu,gravida.Aliquam@sociosqu.com
egestas@vel.edu,tincidunt.dui.augue@natoquepenatibus.com
consectetuer@Sedet.edu,lacus.Quisque.imperdiet@necmollis.ca
egestas@nibh.org,at@adipiscing.com
pellentesque.massa@consectetuerrhoncusNullam.,tincidunt.adipiscing@fringillapurus.org
Fusce@utnisi.com,eu@dignissim.com
