student_email,home_phone
auctor@IntegerurnaVivamus.net,1-199-689-7905
consectetuer.adipiscing.elit@necmalesuadaut.c,1-734-332-9013
consectetuer@Sedet.edu,1-669-830-1118
consequat.nec@Quisque.org,1-182-286-8637
convallis@orciluctuset.net,1-777-907-0946
cursus@vitaerisus.com,1-389-936-2575
dapibus.ligula@porttitor.org,1-882-710-4574
dignissim.lacus@anteipsumprimis.edu,1-240-796-1861
dolor.dapibus.gravida@convallisincursus.co.uk,1-526-801-2937
egestas.Aliquam@Donecfringilla.co.uk,1-533-784-9765
egestas@nibh.org,1-341-193-0874
egestas@vel.edu,1-612-530-1383
enim.Mauris.quis@doloregestasrhoncus.net,1-235-471-6382
et.arcu@elitNulla.ca,1-151-631-0334
eu.turpis@liberolacus.com,1-620-961-4469
feugiat.nec.diam@purusDuiselementum.com,1-552-561-4418
Fusce.mi@lacusQuisque.edu,1-746-911-6622
Fusce@utnisi.com,1-379-558-2850
gravida.molestie.arcu@vestibulum.net,1-446-385-6355
iaculis.aliquet.diam@rhoncusNullamvelit.co.uk,1-548-969-7389
id.blandit@velitjusto.com,1-910-660-5610
Integer.urna.Vivamus@mauriseu.edu,1-301-347-0552
justo.sit@loremutaliquam.net,1-807-258-0654
Mauris.molestie@egetodio.org,1-950-698-1140
nec.euismod.in@odioAliquamvulputate.edu,1-719-850-7212
neque.Sed.eget@sedconsequatauctor.com,1-189-341-1790
nisl@iaculisaliquetdiam.net,1-981-661-6320
non.lorem.vitae@urna.org,1-866-578-4992
nulla.at@nuncidenim.edu,1-393-748-8208
Nullam@CuraeDonectincidunt.edu,1-154-514-9568
Nunc.sed.orci@risus.net,1-973-958-5447
orci@nondapibus.net,1-924-145-8575
pede.Praesent@Incondimentum.net,1-934-234-9826
pellentesque.massa@consectetuerrhoncusNullam.,1-257-849-2090
placerat.Cras@morbitristiquesenectus.ca,1-286-947-2323
purus@semperduilectus.ca,1-848-837-5947
quis.pede.Suspendisse@Etiamvestibulum.com,1-923-872-1256
sapien.cursus@posuerevulputate.net,1-381-834-9353
scelerisque@lectusa.co.uk,1-172-212-8731
Sed.auctor.odio@ipsumdolor.ca,1-753-552-2714
semper.Nam.tempor@egetmassaSuspendisse.edu,1-470-714-3915
semper@tincidunttempusrisus.ca,1-202-698-6425
tempus.lorem.fringilla@velitPellentesqueultri,1-400-656-5525
tristique.aliquet@suscipitnonummyFusce.edu,1-532-786-7208
velit@amet.co.uk,1-361-727-2573
velit@Integer.org,1-938-138-9034
vestibulum@idliberoDonec.com,1-657-126-9376
vitae@ametornare.net,1-104-339-2641
vitae@odioAliquamvulputate.net,1-962-272-8496
vitae@urna.org,1-815-375-3673
